{
  "tag": "baseline_3leg_v2gnn",
  "n_total": 1690,
  "n_scored": 1690,
  "n_errors": 0,
  "n_stage1_correct": 1304,
  "stage1_top1_acc": 0.7715976331360946,
  "EM": 0.5994082840236686,
  "F1": 0.6507266799866558,
  "by_kind": {
    "passage_recoverable": {
      "n": 1199,
      "EM": 0.6005004170141784,
      "F1": 0.6604918069049509
    },
    "table_only": {
      "n": 491,
      "EM": 0.5967413441955194,
      "F1": 0.6268806775935085
    }
  },
  "by_stage1_correct": {
    "correct": {
      "n": 1304,
      "EM": 0.7400306748466258,
      "F1": 0.7977420721261637
    },
    "wrong": {
      "n": 386,
      "EM": 0.12435233160621761,
      "F1": 0.15407364540137516
    }
  },
  "wall_sec": 790.6
}