{
  "tag": "reranker_v1_top1",
  "n_total": 1690,
  "n_scored": 1690,
  "n_errors": 0,
  "n_stage1_correct": 1454,
  "stage1_top1_acc": 0.8603550295857988,
  "EM": 0.659171597633136,
  "F1": 0.716002533409449,
  "by_kind": {
    "passage_recoverable": {
      "n": 1199,
      "EM": 0.6747289407839867,
      "F1": 0.7428232436140556
    },
    "table_only": {
      "n": 491,
      "EM": 0.6211812627291242,
      "F1": 0.6505075608324143
    }
  },
  "by_stage1_correct": {
    "correct": {
      "n": 1454,
      "EM": 0.7407152682255846,
      "F1": 0.8015800319961249
    },
    "wrong": {
      "n": 236,
      "EM": 0.15677966101694915,
      "F1": 0.18875811415085808
    }
  },
  "wall_sec": 719.2
}