{
  "n_total": 1690,
  "n_scored": 1690,
  "n_errors": 0,
  "n_with_passages": 1199,
  "EM": 0.6674556213017752,
  "F1": 0.7283854786487198,
  "by_kind": {
    "passage_recoverable": {
      "n": 1199,
      "EM": 0.7506255212677231,
      "F1": 0.822158772368505
    },
    "table_only": {
      "n": 491,
      "EM": 0.46435845213849286,
      "F1": 0.4993952970397119
    }
  },
  "wall_sec": 372.2
}