{
  "n_total": 1690,
  "n_scored": 1690,
  "n_errors": 0,
  "n_with_passages": 1675,
  "EM": 0.7082840236686391,
  "F1": 0.7635163855752092,
  "by_kind": {
    "passage_recoverable": {
      "n": 1199,
      "EM": 0.6972477064220184,
      "F1": 0.7608190631371706
    },
    "table_only": {
      "n": 491,
      "EM": 0.7352342158859471,
      "F1": 0.7701031261112727
    }
  },
  "wall_sec": 534.7
}